{
    "best_hr_mlp": [
        0.02408458977873507,
        0.045427844135500293,
        0.06970824358723321,
        0.09359702369297043,
        0.11396122968474642,
        0.13569610338750734,
        0.15116506755433717,
        0.16878793812414333,
        0.18915214411591932,
        0.2110828274916781
    ],
    "best_ndcg_mlp": [
        0.014767398611739068,
        0.023251345040223224,
        0.03087516464872268,
        0.03733855123998436,
        0.042308231143316034,
        0.04726912064222074,
        0.05071084497991602,
        0.05430894725985354,
        0.05828453501112693,
        0.06251856535920881
    ],
    "best_p_mlp": [
        0.02408458977873507,
        0.023007636577246915,
        0.023627700541739988,
        0.023839827687487762,
        0.02326218915214434,
        0.023170811304745322,
        0.0222663571008978,
        0.02180830233013511,
        0.021778386963427515,
        0.021989426277657754
    ],
    "best_r_mlp": [
        0.012042294889367535,
        0.023007636577246915,
        0.03544155081261014,
        0.047679655374975524,
        0.05815547288036029,
        0.06951243391423537,
        0.07793224985314275,
        0.08723320932054043,
        0.09800274133542197,
        0.10994713138829058
    ],
    "losses_mlp": [
        0.8271063566207886,
        0.8045207262039185,
        0.7836572527885437,
        0.7643665671348572,
        0.7464501261711121,
        0.729806661605835,
        0.7143031358718872,
        0.699833333492279,
        0.6863223910331726,
        0.6736564636230469,
        0.6618215441703796,
        0.6507036089897156,
        0.6402838826179504,
        0.6305425763130188,
        0.6213763952255249,
        0.6127896904945374,
        0.6047288179397583,
        0.5971775650978088,
        0.5901115536689758,
        0.5834963917732239
    ]
}