{
    "best_hr": [
        0.06011356961033875,
        0.11161151360877228,
        0.16036812218523594,
        0.20697082435872333,
        0.2459369492852947,
        0.2815743097709027,
        0.3109457607205796,
        0.3391423536322694,
        0.3665557078519679,
        0.3939690620716663
    ],
    "best_ndcg": [
        0.036858466453690265,
        0.057538085873120336,
        0.0735661160736665,
        0.0872684956471418,
        0.09850833243785426,
        0.10740372050485587,
        0.11500753008813579,
        0.12190073656127927,
        0.129382069875039,
        0.13566370506358652
    ],
    "best_p": [
        0.06011356961033875,
        0.05678480516937537,
        0.05528359767639212,
        0.054435089093401216,
        0.05302525944781562,
        0.05097578487043846,
        0.049008363870317234,
        0.04733698844722929,
        0.04658094554315535,
        0.04546700607009832
    ],
    "best_r": [
        0.030056784805169375,
        0.05678480516937537,
        0.08292539651458782,
        0.10887017818680243,
        0.1325631486195418,
        0.1529273546113178,
        0.17152927354611316,
        0.18934795378891717,
        0.20961425494419425,
        0.22733503035049932
    ],
    "losses": [
        0.7265568375587463,
        0.6205870509147644,
        0.5064153671264648,
        0.5239361524581909,
        0.507407546043396,
        0.5164188146591187,
        0.49772632122039795,
        0.4789462089538574,
        0.49098125100135803,
        0.47386032342910767,
        0.46702179312705994,
        0.4723180830478668,
        0.47159555554389954,
        0.4642299711704254,
        0.46141427755355835,
        0.4636409878730774,
        0.45688050985336304,
        0.44883275032043457,
        0.44537925720214844,
        0.4404424726963043
    ]
}