{
    "1": {
        "accuracy": 0.9962320794020341,
        "average_loss": 0.30515778657870357,
        "HR": 0.09790483649892305,
        "NDCG": 0.060030075657475875,
        "precision": 0.09790483649892305,
        "recall": 0.048952418249461525
    },
    "2": {
        "accuracy": 0.9962014459012376,
        "average_loss": 0.3207727105864721,
        "HR": 0.14470334834540827,
        "NDCG": 0.07820551814995721,
        "precision": 0.07450558057568044,
        "recall": 0.07450558057568044
    },
    "3": {
        "accuracy": 0.9981313564514153,
        "average_loss": 0.23377688140644373,
        "HR": 0.20090072449579008,
        "NDCG": 0.10140993305043353,
        "precision": 0.07127472097121597,
        "recall": 0.10691208145682397
    },
    "4": {
        "accuracy": 0.9943328023526529,
        "average_loss": 0.31529945002686743,
        "HR": 0.23634227530840024,
        "NDCG": 0.1090192342861658,
        "precision": 0.06344233405130213,
        "recall": 0.12688466810260426
    },
    "5": {
        "accuracy": 0.9974574194338929,
        "average_loss": 0.26580861964966107,
        "HR": 0.27472097121597805,
        "NDCG": 0.12237681305886039,
        "precision": 0.05968278832974349,
        "recall": 0.14920697082435871
    },
    "6": {
        "accuracy": 0.9968447494179635,
        "average_loss": 0.28008474243726517,
        "HR": 0.2978265126297239,
        "NDCG": 0.12953812970943365,
        "precision": 0.05515305789439331,
        "recall": 0.16545917368317994
    },
    "7": {
        "accuracy": 0.9969979169219458,
        "average_loss": 0.27964541181973257,
        "HR": 0.3238691991384374,
        "NDCG": 0.13280422350906318,
        "precision": 0.05186159053400095,
        "recall": 0.18151556686900333
    },
    "8": {
        "accuracy": 0.9972123514275212,
        "average_loss": 0.2613823738678624,
        "HR": 0.3606814176620325,
        "NDCG": 0.14538001211845852,
        "precision": 0.051008419815938906,
        "recall": 0.20403367926375562
    },
    "9": {
        "accuracy": 0.9970285504227423,
        "average_loss": 0.28528528690572075,
        "HR": 0.3738006657528882,
        "NDCG": 0.1465747766613688,
        "precision": 0.04782107347214064,
        "recall": 0.21519483062463285
    },
    "10": {
        "accuracy": 0.9948535718661928,
        "average_loss": 0.32135363448679266,
        "HR": 0.39533972978265125,
        "NDCG": 0.14978172904806378,
        "precision": 0.04540826316820051,
        "recall": 0.22704131584100254
    }
}